<?xml version="1.0" encoding="UTF-8"?>
<project-private xmlns="http://www.netbeans.org/ns/project-private/1">
    <editor-bookmarks xmlns="http://www.netbeans.org/ns/editor-bookmarks/2" lastBookmarkId="0"/>
    <open-files xmlns="http://www.netbeans.org/ns/projectui-open-files/2">
        <group>
            <file>file:/C:/Users/Hasan%20sabah/Documents/NetBeansProjects/boutique_DBVersion/src/Controllers/CashierController.java</file>
            <file>file:/C:/Users/Hasan%20sabah/Documents/NetBeansProjects/boutique_DBVersion/src/Controllers/Client.java</file>
            <file>file:/C:/Users/Hasan%20sabah/Documents/NetBeansProjects/boutique_DBVersion/src/Controllers/InvoiceController.java</file>
            <file>file:/C:/Users/Hasan%20sabah/Documents/NetBeansProjects/boutique_DBVersion/src/Controllers/ClientHandler.java</file>
            <file>file:/C:/Users/Hasan%20sabah/Documents/NetBeansProjects/boutique_DBVersion/src/Controllers/Server.java</file>
            <file>file:/C:/Users/Hasan%20sabah/Documents/NetBeansProjects/boutique_DBVersion/src/Models/GarmentModel.java</file>
            <file>file:/C:/Users/Hasan%20sabah/Documents/NetBeansProjects/boutique_DBVersion/src/Controllers/InvoiceHeaderController.java</file>
            <file>file:/C:/Users/Hasan%20sabah/Documents/NetBeansProjects/boutique_DBVersion/src/Helpers/dataBaseOperation.java</file>
            <file>file:/C:/Users/Hasan%20sabah/Documents/NetBeansProjects/boutique_DBVersion/src/Controllers/GarmentController.java</file>
        </group>
    </open-files>
</project-private>
